{
  "logistic": {
    "cv": {
      "accuracy": {
        "mean": 0.5090653728294179,
        "std": 0.048445323497926386
      },
      "roc_auc": {
        "mean": 0.5051808495271697,
        "std": 0.03234179941006401
      },
      "f1": {
        "mean": 0.5266911962324761,
        "std": 0.020391532931382433
      },
      "precision": {
        "mean": 0.5403375459926412,
        "std": 0.05154081111437268
      },
      "recall": {
        "mean": 0.5195189639222941,
        "std": 0.036829380973153227
      }
    },
    "train": {
      "train_accuracy": 0.5540540540540541,
      "train_roc_auc": 0.5947562191078657,
      "train_f1": 0.5695652173913044,
      "val_accuracy": 0.4573643410852713,
      "val_roc_auc": 0.4096153846153846,
      "val_f1": 0.5138888888888888
    },
    "test": {
      "test_accuracy": 0.43859649122807015,
      "test_roc_auc": 0.44625000000000004,
      "test_f1": 0.4482758620689655,
      "test_precision": 0.3939393939393939,
      "test_recall": 0.52
    }
  },
  "random_forest": {
    "cv": {
      "accuracy": {
        "mean": 0.5204290091930541,
        "std": 0.05548648269021169
      },
      "roc_auc": {
        "mean": 0.5242439376197955,
        "std": 0.05363902833100699
      },
      "f1": {
        "mean": 0.5489202805277754,
        "std": 0.05235818467457378
      },
      "precision": {
        "mean": 0.5442969560705638,
        "std": 0.05547588698652087
      },
      "recall": {
        "mean": 0.5578168362627197,
        "std": 0.06965410012525369
      }
    },
    "train": {
      "train_accuracy": 0.9977477477477478,
      "train_roc_auc": 0.9998982975001525,
      "train_f1": 0.9978586723768736,
      "val_accuracy": 0.3875968992248062,
      "val_roc_auc": 0.3939903846153846,
      "val_f1": 0.35772357723577236
    },
    "test": {
      "test_accuracy": 0.5263157894736842,
      "test_roc_auc": 0.47375,
      "test_f1": 0.47058823529411764,
      "test_precision": 0.46153846153846156,
      "test_recall": 0.48
    }
  },
  "xgboost": {
    "cv": {
      "accuracy": {
        "mean": 0.5180796731358529,
        "std": 0.03496525037829721
      },
      "roc_auc": {
        "mean": 0.5296900659022294,
        "std": 0.05579184657940857
      },
      "f1": {
        "mean": 0.5478093367931365,
        "std": 0.03891527613741501
      },
      "precision": {
        "mean": 0.5395242012889072,
        "std": 0.03517093883377574
      },
      "recall": {
        "mean": 0.55790934320074,
        "std": 0.05240858907260644
      }
    },
    "train": {
      "train_accuracy": 1.0,
      "train_roc_auc": 1.0,
      "train_f1": 1.0,
      "val_accuracy": 0.46511627906976744,
      "val_roc_auc": 0.4125,
      "val_f1": 0.42016806722689076
    },
    "test": {
      "test_accuracy": 0.5087719298245614,
      "test_roc_auc": 0.5000000000000001,
      "test_f1": 0.44,
      "test_precision": 0.44,
      "test_recall": 0.44
    }
  }
}