{
  "random_forest": {
    "cv": {
      "accuracy": {
        "mean": 0.5023251231527095,
        "std": 0.019480638251244062
      },
      "roc_auc": {
        "mean": 0.5071678888673079,
        "std": 0.020379620700700075
      },
      "f1": {
        "mean": 0.4759754819073607,
        "std": 0.04683644302238343
      },
      "precision": {
        "mean": 0.49154963944226254,
        "std": 0.022041874847812643
      },
      "recall": {
        "mean": 0.4638850889192886,
        "std": 0.06999292978353563
      }
    },
    "train": {
      "train_accuracy": 0.9908256880733946,
      "train_roc_auc": 0.9996790267670629,
      "train_f1": 0.990632318501171,
      "val_accuracy": 0.4489795918367347,
      "val_roc_auc": 0.4625231910946197,
      "val_f1": 0.4840764331210191
    },
    "test": {
      "test_accuracy": 0.4507042253521127,
      "test_roc_auc": 0.43492063492063493,
      "test_f1": 0.417910447761194,
      "test_precision": 0.45161290322580644,
      "test_recall": 0.3888888888888889
    }
  },
  "xgboost": {
    "cv": {
      "accuracy": {
        "mean": 0.5023251231527095,
        "std": 0.019480638251244062
      },
      "roc_auc": {
        "mean": 0.5071678888673079,
        "std": 0.020379620700700075
      },
      "f1": {
        "mean": 0.4759754819073607,
        "std": 0.04683644302238343
      },
      "precision": {
        "mean": 0.49154963944226254,
        "std": 0.022041874847812643
      },
      "recall": {
        "mean": 0.4638850889192886,
        "std": 0.06999292978353563
      }
    },
    "train": {
      "train_accuracy": 0.9908256880733946,
      "train_roc_auc": 0.9996790267670629,
      "train_f1": 0.990632318501171,
      "val_accuracy": 0.4489795918367347,
      "val_roc_auc": 0.4625231910946197,
      "val_f1": 0.4840764331210191
    },
    "test": {
      "test_accuracy": 0.4507042253521127,
      "test_roc_auc": 0.43492063492063493,
      "test_f1": 0.417910447761194,
      "test_precision": 0.45161290322580644,
      "test_recall": 0.3888888888888889
    }
  }
}